10588,0,188,552,2752
14816,0,200
10376,0,204
384,0,808
500,0,8356,8460,532,6428
8516,0,824
10500,0,840,3508,3532,3652,5012
568,0,6360,6412
5784,0,7348,7368,7380,7400,6008,6024,6040,6056,6816,6840,6864,6896,6924,6944,6972,7656,7668,7696,7732,7744,8212
6104,0,6748
7112,0,844
13952,0,3068
972,0,3916,3984,2940,2896
2832,0,4036
1040,0,4504,1152,1320,1444,1640,1808,1992,2180,2380
1124,0,1292,1412,1552,1716,1876,2060,2260,2460
1280,0,3660,5032
2552,0,4876,5568
5372,0,848
676,0,8244,8252,852,8628,856
784,0,240
252,0,220
15056,0,10048
10112,0,15060
14972,0,10020
